マ リ ... ヌ は 背 が 低 く 、金 髪 で 若 く 、ス ポ ー テ イ ー で す 。," ""Marine est petite, blonde, jeune et sportive."""
男優達は素敵です。, Les acteurs sont beaux.
女優達は綺麗です, Les actrices sont belles.
その女性の看護師は親切で有能です。, L'ifirmière est gentille et compètente.
その教師は真面日で感じがいいです。, Le professeur est sérieux et sympathique.
アリ...ヌは知的で、クリエイティブで独創的です。," ""Aline est intelligente, créative et originale."""
そ の映画は面白いですが、少し長いです。, Le film est intéressant mais un peu long.
昼間は暑く、日差しがあります。, La journée est chaude et ensoleillée.
ピエールとアンヌとマリーは3人とも金髪です。," ""Pierre, Anne et Marie sont tous les trois blonds."""
新しいパソコンはくすんだ灰色です。, Le nouvel ordinateur est gris mat.
私は小さいテラスのついた立派なマンションを持っています, J'ui un bel appartement avec une petite terrasse.
私は旧友と楽しい夜を過ごしました。, J'ui passé une bonne soirée avec d'anciens amis.
あの緑の車に乗つている金髪の若い男は有名な俳優です。, Le jeune」homme blolld avec la voiture verte est un acteur connu.
あ の足の長い綺麗な女性はプロのモデルです, La belle fille avec de longues jambes est mannequin professionnelle.
『三銃士』はアレクサンドル・デュマの作品です。, «Les trois mousquetaires» sont une œuvre d'Alexandre Dumas.
次の駅はこの線の終点です。, La prochaine station est la dernière de la ligne.
ナボレオンは大男ではありませんが、歴史上の重要人物です," ""Napoléon n'est pas un homme grand, mais c'est un grand personnage de l'histoire."""
私の夫所有の部屋はとても清潔です。, La propre chambre de mon mari est très propre.
ノートパソコンは便利なものです。, Les ordinateurs portables sont des objets pratiques.
歩くことは健康にいいです。," ""Marcher, c'est bon pour la santé."""
明日、仕事はできますか?」 「はい、大丈夫です。もう具合はよくなりましたから」," ""«Vous pouvez travailler demain ?» «Oui, c'est bon, je ne suis plus malade.»"""
フランス語を勉強するのはいいことです。," ""Etudier le français, c'est bien."""
「それは確かに120ユ ーロするんですか?」「はい、その通りです」," ""«Ça coûte bien 120 euros?» «Oui, c'est bien ca.»"""
その役者はいい男優です。演技が上手です。," ""C'est un bon acteur, il joue bien."""
彼は車で速度を出し過ぎます。ゆつくり運転しなければいけません。," ""II roule trop vite en voiture, il faut rouler lentement."""
彼はよく話します。とてもおしやべりです。," ""Il parle beaucoup, il est très bavard."""
私はあの子が気に入つています。とても好きです。," ""J'aime bien cette fille, je l'aime beaucoup."""
テレビで彼が話すフランス語は早過ぎます。," ""A la télévision, il parle le français trop vite."""
休暇中、私は元気で、とても楽しく過ごしています。," ""Pendant les vacances, je vais bien et je m'amuse beaucoup."""
寒いです。暖かい服装をしなければなりません。, Il fait froid / il faut s'habiller chaudelnent.
この学生は真面目で注意深いです。彼は真面目に注意深く勉強します," ""Cet étudiant est sérieux, attentif. Il travaille sérieusement, attentivement."""
このトラツクは危険な速度で走つています、安全な速度まで落としていません。," ""Ce camion roule dangereusement, pas assez lentement."""
私はすごく読書が好きで、しよつちゆう映画に行きます。, J'aime énormément lire et aller fréquemment au cinéma.
私は夕食を早くとることはありますが、寝るのが遅くなることは滅多にありません, Je dîne souvent tôt et me couche rarement tard.
時々休むことはあつても、長期にわたつて仕事をしないことは稀です。," ""De temps en temps je me repose, mais j'arrête rarement le travail longtemps."""
「よくテレビを見ますか?」「いいえ、実はほとんど見ないんです」, «Vous regardez souvent la télévision?» «Non presque jamais en fait.»
最近、私は食生活を変えようと決めました。, Récemment j'ai décidé de changer mes habitudes alimentaires.
この先生はそつけない話し方をしますが、質問には親切に答えてくれます。, Ce professeur parle sèchement mais il répond gentiment aux questions.
この生徒の勉強の仕方はだらだらしていて、充分ではありません。, Cet élève travaille mollement et pas suffisamment.
イブ・モンタンは有名なフランス人歌手です。, Yves Montand est un chanteur français célèbre.
旅行で彼は豪華ホテルに泊まります。," ""En voyage, il séjourne dans un hôtel luxueux."""
私は雄犬1匹 と雌猫1匹 を飼つています。犬は攻撃的ですが、猫はおとなしいです。," ""J'ai un chien et une chatte / le chien est agressit, la chatte est douce."""
私はその本をテ...ブルの上に置きました。確か客間のテーブルだったと思います。," ""J'ai posé le livre sur une table, la table du salon je crois."""
私は果物と野菜が好きです。, J'aime les fruits et les légumes.
私はカフェを探しています、サンジェルマンの「カフェ0フ ロール」です。," ""Je cherche un café, le café Flore à St-Germain."""
ボーマルシェは『フィガロの結婚』の作者です。, Beaumarchais est I'auteur des «Noces de Figaro».
学生達がソルボンヌ大学のそばのカフェで議論しています。, Des étudiants discutent dans un café près de la Sorbonne.
「人間は自由で、権利において平等なものとして生まれる」, «Les hommes naissent libres et égaux en droit.»
その地区の学校は新築です。それは私立学校です。,  L'école du quartier est toute neuve. C'est une école privée.
彼 は ク ロ ワ ッ サ ン を 食 べ 、カ フ ェ・ オ・ レ を 飲 み ま す 。, Il mange des croissants et il boit du café au lait.
彼はアルコ...ル類を飲んだことがありません。ビ...ルさえ飲んだことがありません, Il ne boit jamais d'alcool même pas de bière.
クリスマスに彼はツリーの飾りを買うのを楽しみにしています。," ""A Noël, il achète volontiers des décorations pour le sapin."""
彼 は あ ま り乳 製 品 を 摂 りま せ ん 。, Il ne mange pas beaucoup de laitages.
市場で彼はいつも肉を1キロ買います。, Au marché iI achète d'habitude un kilo de viande.
スポーツをたくさんすると体の疲労の原因となることがあります。, Bearcoup de sport peut fatiguer I'organisme.
よいダイエツトとは野菜類を多く摂り、脂肪分を控えることです。," ""Un bon régime,c'est manger beaucoup de légumes et peu de graisses."""
仕事があるんですか?, Vous avez du travail ?
はい、膨大な量の仕事があります。," ""Oui, j'ai énormément de travail."""
暮らしやすい町とは、緑が多く、交通量が少ない町です。 L_」," ""Une ville agréable, c'est beaucoup d'espaces verts et peu de circulation automobile."""
この携帯電話はクリステイアンのものです, Ce portable est à Christian.
あの建物は「オペラ・バスティーユ」です。," ""Ce monument là-bas, c'est l'Opéra Bastille."""
この大聖堂はゴシック建築です。, Cette cathédrale est de style gothique.
これらの果物はすでに腐つています。, Ces fruits sont déjà pourris.
このホテルはあまり快適ではありません。, Cet hôtel n'est guère confortable.
今週地方に出かけるんですか?, Vous partez en province cette semaine?
私はこのワインは買いません。より手頃な値段のこちらにします。," ""Je n'achète pas ce vin, j'achète celui-ci, plus abordable."""
私はこの地味なワンピ...スは着ません。こちらの少し派手なワンピ...スのほうが好みです。 ," ""Je ne mets pas cette robe sombre, je préfere cellui-ci, plus gaie."""
私はこのケーキとこのタルトにしようと思います。, je vais prendre ce gâteau et cette tarte.
アルザス地方は素晴らしい所です。," ""L'Alsace,c'est une magnifique région!"""
バルザックは「人間喜劇」という作品で有名です, Balzac est célèbre pour son œuvre «La Comédie humaine».
私達の娘は休暇を友達の家で過ごしに出かけました。, Notre fille est partie en vacances chez nos amis.
この女子学生は私達の留守中、子供の面倒を見てくれます, Cette étudiante garde nos enfants en notre absence.
これは君の本ではなく、私のです," ""Ce n'est pas ton livre, c'est le mien."""
私は彼の腕時計を見つけました。確かにこれは彼のものです。," ""J'ai trouvé sa montre, c'est bien la sienne, j'en suis sûr."""
君の車を貸してください、私の車は故障しています。," ""Prête-moi ta voiture, la mienne est en panne."""
彼 女の髪はブロンドですが、私の髪は茶色です。, Ses cheveux sont blonds alors queles miens sont châtains.
お たくのお子さん達はとてもお行儀がいいですが、うちの子供達は騒がしいです。, Vos enfants sont bien élevés mais les nôtres sont turbulents.
「すみません、それは私の傘です!」 「ああ、そうですか、てつきり私のだと思つてました、ごめんなさい」," ""《Monsieur, c'est monn parapluie!》"
《Ah bon,"  je croyais que c'était le mien, désolé.》"""
ナボレオンは数々の勝利とワーテルローでの敗北で有名です, Napoléon est célèbre pour ses victoires et sa défaite d Waterloo.
オリヴイエはフランスのパリに住んでいます。, Olivier habite à Paris en France.
グランドキヤニオンはアメリカにあります。, Le Grand Canyon est aux Etats-Unis.
ストラスブ...ルの大聖堂はフランスのアルザス地方にあります。, La cathédrale de Strasbourg est en Alsace en France.
家の中にも通りにも人がたくさんいます, Il v a beaucoup de monde dans la maison et dans la rue.
木の下にベンチがあり、そのベンチには男が 1人座つています。, Sous l'arbre il y a un banc et sur le banc un homme est assis.
私の住んでいるマンションでは、私の部屋の上も下も、夜はいつもうるさいです。," ""Dans mon immeuble, les voisins du dessus et du dessous font du bruit Ie soir."""
中は暑すぎるし、外は寒すぎます。, Dedans j'ai trop chaud et dehors trop froid.
今夜、映画館ではエマニュエル・ベアールのいい映画があります。, Ce soir au cinéma il y a un bon fllm avec Emmanuelle Béart.
あの猫がいるのは台所、それとも屋根の上?, Le chat est dans la cuisine ou sur le toit ?
動 物はデバートに入れません, Les animaux ne peuvent rentrer dans le grand magasin.
オリヴィエは今、パリの銀行にいます。, Olivier est en ce moment à Paris à la banque.
彼は朝の9時から大体夜の7時まで銀行で働いています。, Il travaille dans la banque de 9 heures à 19 heures environ. 
現在フランスでは一般的に62歳 まで働きます。, En France on travaille en général jusqu'à 62 ans maintenant.
夏になるとフランス国内の南へ向かう道路は渋滞します。," ""En été, iI y a des embouteillages sur les routes vers le Sud de la France."""
来 年 か ら禁 煙 します 。," ""A partir de l'année prochaine, j'arrête de fumer."""
7月 1日 から学校は夏休みに入ります。," ""Dès le 1er juillet, les écoles sont en congés d'été."""
12時30分から13時30分までお昼休みがあります。, Entre 12h30 et 13h30 il y a la pause déjeuner.
私の好きな作家の多くは19世紀の作家です。," ""Parmi mes écrivains préférés, beaucoup songt du XIXe siècle."""
私にはいい友達が何人もいます。彼らとの間に問題が起きたことはありません。, J'ai de bons amis /entre nous il n'y a jamais de problème.
私は6時頃起きて、午前0時頃寝ます。, Je me lève vers les 6 heures et me couche vers les minuit.
「テレビは見ますか?」「はい、よく見ます」," ""«Vous regardez la télévision»«Ou, je la regarde souvent.»"""
そして新聞は? 毎日読みますか?," ""Et le journal, vous Ie lisez quotidiennement ?"""
「友達を家に招くことはありますか?」「はい、定期的に招いています」," ""« Vous invitez vos amis chez vous ? » « Oui, je les invite régulièrement. »"""
「奥さんを愛してますか?」「はい、愛してます」," ""« Tu aimes ta femme ?» « Oui, je I'aime. »"""
あ れ、男の子が私を見てる!," ""Tiens, ce garçon me regarde !"""
君が歌うのを私は喜んで聴いています。, Je t'écoute chanter avec plaisir.
彼は池袋駅で私を待つています。, II m'attend à la gare d'Ikebukuro.
宿題は、カフェでします。," ""Les devoirs, je les fais au café."""
私はアルザス地方料理「シュ...クルート」がとても好きです," ""La choucroute alsacienne, je I'aime beaucoup."""
鍵は、持つていません。," ""Les clefs, je ne les ai pas."""
私 は 友 達 に 電 話 し ま す 。彼 に は い つ も 夜 、電 話 す る ん で す 。, Je téléphone à mon ami. Je lui téléphone le soir.
「ご両親にメールを送りますか?」「はい、送っています」," ""« Vous envoyez des courriels à vos parents ? » « Oui, je leur envoie des courriels. »"""
その心理学者は彼に質問をします。, Ce psychologue lui pose des questions.
エリックは私を家に呼んでくれます。, Eric m'invite chez lui.
彼は隣近所の人達と仲たがいしています。彼は彼らとはもう話をしません。, Il est fâché avec ses voisins  il ne leur parle plus.
「君は奥さんにこれをプレゼントするの?」「はい、これを彼女にプレゼントします」," ""« Tu offres ce cadeau à ton épouse ? » « Oui, je le lui offre. »"""
「君は友達に本を貸すの?」「はい、私はそれらを彼らに貸します」," ""« Tu prêtes tes livres à tes amis ? » « Oui, je les leur prête. »"""
奥さんは旦那さんに田舎に引つ越そうと言います。, Sa femme lui propose de déménager d la campagne.
彼はパリがとても気に入つています。, Paris lui plait beaucoup.
このことは彼女には言いません、秘密です。," ""J ne le lui dis pas, c'est un secret."""
彼は私と同じ会社で働いています。, Il travaille avec moi dans la même entreprise.
彼女が君の家に住んでいるとは知らなかつた, Je ne savais pas qu'elle habite chez toi
「私は夏も仕事をしています」「私もです」, « Je travaille même en été. » « Moi aussi. »
この間違いの責任は誰にあるのですか、あなたですか?," ""Qui est responsable de cette erreur, c'est vous ?"""
いいえ、わたしではなく、彼らです," ""Non, ce n'est pas moi, ce sont eux."""
私は元気一杯、で君は?," ""Je suis en pleine forme, et toi ?"""
自分の家は居心地がいいものです。, On est bien chez soi.
私達は田舎が好きです。私達の子どもは、彼は都会のほうが好きです。," ""Nous aimons la campagne. Notre enfant, lui, préfère la ville."""
この人は自分のことをしやべりません、秘密主義者なんです," ""Cet homme ne parle pas de lui, il est secret."""
彼はとてもエコな人です、彼の奥さんもそうです。," ""il est très écologiste. Sa femme, elle, I'est aussi."""
「あなたはベジタリアンですか?」「私はベジタリアンではありません」, 《Vous êtes végétarien?》《Je ne le suis pas.》
「肉を食べますか?」「肉を食べます」, « Vous mangez de la viande ? » « J'en mange. »
「本は何冊お持ちですか?」「たくさん持つています」, « Vous avez combien de livres ? » « J'en ai beaucoup. »
「車はお持ちですか?」「はい、1台持つています」," ""《Volls avez une voiture?》 《Oui,j'en ai une.》"""
「アルコ...ルは召し上がりますか?」「たしなむ程度です」, « Vous consommez de I'alcool ? » « J'en consomme très peu. »
「彼女にCDを 貸しますか?」「いいえ、彼女には貸しません」," ""« Vous lui prête un CD ? » « Non, je ne lui en prête pas. »"""
「イチゴはありますか?」「はい、ありますよ」," ""« Il y a des fraises ? » « Oui, il y en a. »"""
「家に水はありますか?」「はい、2本 あります」," ""« Il y a de l'eau à la maison ? » « Oui, il y en a, deux bouteilles. »"""
「小切手帳をお持ちですか?」「いいえ、持つていません」," ""« Vous avez un chéquier ? » « Non, je n'en ai pas. »"""
そのことは彼女には話さないでください, Ne lui en parlez pas.
「リヨンヘは飛行機で行きますか?」「いいえ、丁GVで行きます」," ""« Vous allez à Lyon en avion? »« Non, j'y vais en TGV. »"""
「いつからナントにお住まいですか?」「2年 前からそこに住んでいます」, « Vous habitez à Nantes depuis conbien de temps? » «J'y habite depuis 2 ans.»
「毎週土曜日にスポーツクラブに通つていますか?」「いいえ、毎週日曜日です」," ""« Vous allez à la salle de sport le samedi? »« Non, j'y vais le dimanche.»"""
「この生徒は歴史に興味がありますか?」「いいえ、彼はそれにはあまり興味がありません」," ""« Cet élève s'intéresse à I'histoire? » « Non, il ne s'y intéresse pas beaucoup. »"""
「彼は歴史の授業に行つていますか?」「いいえ、彼はそれにはほとんど行つたことがありません」," ""« Il va au cours d'histoire ? » «Non, il n'y va presque jamais. »"""
「君は祖国の事を考えますか?」「はい、そのことを考えます," ""« Tu penses d ton pays ? » « Oui, j'y pense. »"""
「君はあのカフェにいるの?」「はい、ここで待つています」," ""« Tu es au caf6é ? » « Oui, je t'y attends. »"""
彼はパリが好きで、今そこに住んでいます, Il aime Paris et y habite maintenant.
「ポ...ルはワイン通ですか?」「はい、そうです」," ""« Paul connait bien le vin ?  » « Oui, il s'y connait. »"""
や つ た 、や つ と 宿 題 が 終 わ つ た 。," ""Ça y est, j'ai enfin fini mes devoirs."""
「彼女は彼に練習問題の説明をしますか?」 「はい、彼女は彼にその説明をします」," ""« ElIe lui explique I'exercice ? » « Oui, elle le lui explique. »"""
「その女性の看護師は彼に薬を与えますか?」  「はい、彼女は彼にそれを与えます」," ""« L'infirmière lui donne des médicaments ? » « Oui, elle lui en donne. »"""
このワインおいしいわね、私にそのワインを何本か買つてくれますか?," ""Le vin est bon, tu m'en achètes quelques bouteilles ?"""
「ご主人はあなたにプレゼントをしてくれますか?」「いいえ、彼は私にそれをしてくれません」 ," ""« Votre mari vous fait des cadeaux ? » « Non, il ne m'en fait pas.  »"""
「ショートメッセ...ジを友達に送りますか?」「毎日彼らにそれを送つています」, « Vous envoyez des SMS à vos amis ? » « Je leur en envoie tous les jours. »
「私を駅まで送つてくれる?」「はい、すぐに君をそこまで送ります」," ""« Tu m'amènes à la gare ? » « Oui, je t'y amdne tout de suite. »"""
「愛 してる?」「繰 り返 しますよ、愛 してます」," ""« Tu m'aimes ? » « Je te le répète, je t'aime. »"""
「私達の問題を彼に話すの?」「そのことについては彼に明日話します」, « Tu lui parles de notre problème ? » « Je lui en parle demain. »
「先生は学生達に10題練習問題を出しますか?」「はい、彼は彼らにそれを10題 出します」," ""« Le professeur donne dix exercises aux étudiants? » « Oui, il leur donne dix. »"""
「コーヒーはありますか?」「はい、あります」," ""« Il y a du café ? » « Oui, il y en a. »"""
私をわくわくさせる本は歴史に関するものです。, Les livres qui me passionnent sont les livres d'hisoire.
テラスに座つている女性は金髪です。, La femme qui est assise à la terrasse est blonde.
私が好きな女性は金髪です。, La femme que j'aime est blonde.
私が好きな、そして私に夢を見させてくれるビアニストの演奏を聴いています。, J'écoute le pianiste que j'aime et qui me fait rêver.
私が好きな町は生まれ故郷です。, La ville que j'aime est ma ville natale.
私が生まれた町はとても住み心地のいいところです。, La ville où je suis né est très agréable.
金曜日は仕事がない日です。, Vendredi c'est le jour où je ne travaille pas.
７月と８月はフランス人が休暇で出かける月です。, Juillet et août ont les mois où ls Français partent en vacances.
カフェでよく話題になるのはどんなことですか？," ""Au café, quels sont les sujets don't vous parlez souvent?"""
彼女が私にする微笑み方が好きです。, J'aime la façon ont elle me sourit.
これは私が仕事をする机です。, Voità le bureau sur lequel je travaille.
私が働いている会社はパリにあります。, fu société pour laquelle je travaille est à Paris.
私の仕事のクライアントは要求の多い人達です。, Les clients pour lesquels je travaille sont exigeants.
私が出席している授業は面白いです。, Les cours auxquels j'assiste sont intéressants.
彼は私に何通も手紙をくれました。私はその手紙に返事を書きました。, Il m'a écrit plusieurs lettres auxquelles j'ai répondu.
私が所属しているサッカーチームはよく練習します。, L'équipe de football a laquelle j'appartiens s'entraîne beaucoup.
私が寝ている部屋はとても狭いです。, Lu pièce dans laquelle je dors est très petite.
 私が住んでいる所の近くにある歴史的建造物は大聖堂です, Le monument près duquel j'habite est une cathédrale.
君が住んでいる所の向かいにある教会は何という名前ですか?, Comment s'appelle l'église en face de laquelle tu habites ?
あなたが座つている肘掛け椅子は座りごこちがいいですか?, Le fauteuil dans lequel vous êtes assis est-il confortable ?
「あなたはドイツ人ですか?」「いいえ、私はオランダ人です」," ""« Vous êtes allemand ? » « Non, je suis hollandais. »"""
「1人住まいではないんですか?」「いいえ、1人住まいです」," ""« Vous n'habitez pas seul ? » « Si, j'habite seul. »"""
「独身ですか?」「はい、そうです」," ""« Vous êtes célibataire ? » « Oui, je le suis. »"""
「私は結婚しています」「私もです」," ""« Vous, je suis marié. » « Moi aussi. »"""
「私は結婚していません」「私もです」," ""« Moi, je ne suis pas marié. » « Moi non plus. »"""
「土曜日は仕事をしていますか?」「午前中はしていません」, « Tu travailles le samedi ? » « Pas le matin. »
ご家族と旅行中ですか?, « Vous êtes en voyage avec votre famille ? »
「部長さんはいらつしやいますか?」「いいえ、今日はおりません」," ""« Est-ce que le directeur est la? »  « Non, il est absent aujourd'hui. »"""
「今朝、仕事に遅れましたか?」「いいえ、ちようど定時でした」," ""« Vous êtes en retard ce matin au travail ? » « Non, je suis juste d I'heure. »"""
「この冬は太らなかつたかな?」「大丈夫、太つてないです」," ""« Je n'ai pas pris de poids cet hiver? » « Mais non, tu n'as pas grossi. »"""
旅行でどこにお出かけですか?, Où allez-vous en voyage ?
いつ出発ですか?, Quand partez-vous ?
どうやつて旅行しますか?, Comment voyagez-vous ?
南仏にはどのくらい滞在しますか?, Combien de temps restez-vous dans le Sud ?
どうしてコートダジュールを選んだのですか?, Pourquoi avez-vous choisi la Côte d'Azur ?
誰と旅行しますか?, Vous voyagez avec qui ?
誰をお探しですか?, Qui cherchez-vous?
何をお探しですか?, Que cherchez-vous?
「何歳ですか?」「しつ、秘密です」," ""« Quel âge avez-vous? » « Chut, c'est un secret. »"""
何語を話しますか?, Quelles langues parlez-vous?
このレッスンは何もわからない。, Je ne comprends rien i cette leçon.
私は結婚しているので、もう夜遊びはしません。," ""Je suis marié, donc je ne sors plus le soir."""
この町では誰も知りません、そこには友達 は 1人 もいません。," ""Je ne connais personne dans cette ville, je n'ai ai aucun ami."""
も うタバコは吸わないし、お酒も飲みません。, Je ne fume plus et je ne bois plus.
木曜と金曜は仕事をしません。, Je ne travaille ni le jeudi ni le vendredi.
妻を連れずに外出することはありません。, Je ne sors jamais sans ma femme.
雨が降つていますが、彼は傘をささずに出かけます。, Il pteut mais il sort sans parapluie.
彼はよく勉強します、4時 間しか寝ません。, Il étudie beaucoup et ne dort que quatre heures par nuit.
家賃は月たつたの300ユーロです。, Le lolyer ine coûte que trois cents euros par mois.
「ワインかビールを飲みますか?」「どちらも飲みません」, « Vous buvez du vin ou de la bière ? » « Je ne bois ni I'un ni I'autre. »
教師になって30年になります。, Il y a trente ans que je suis professeur.
この薬をのむようになつてから、よく眠れます。," ""Depuis que je prends ces médicaments, je dors mieux."""
フランスで女性が参政権を持つようになつたのは、やつと1945年のことです, En France les femmes votent depuis 1945 seulement.
私は1週間の予定でバリに滞在します。, Je suis à Paris pour une semaine.
彼女は2時 間もお風呂に入つています、長風呂ですね!," ""Elle prend son bain pendant deux heures, c'est long !"""
フランスでは大統領は5年 の任期で選出されます。, En France le président de la République est élu pour cinq ans.
毎週、私は1時間ランニングをします。," ""Toutes les semaines, je cours pendant une heure."""
私は1時間で10キロ走ります。, Je cours dix kilomètres en une heure.
彼は一晩中勉強して、8時間かかつて宿題を終えます。, Il travaille toute la nuit et flnit ses devoirs en huit heures.
子供達は1日に何時間もテレビを見ます。, Les enfants regardent la télévision plusieurs heures par jour.
女 性 は 以 前 と比 べ て よ り自立 して い ます 。, Les femmes sont plus indépendantes qu'avant.
今日では、昔と比べて、人間の寿命は延びています。, Aujourd'hui les gens vivent plus longtemps qu'autrefois.
夜に比べて日中は寒さが和らぎます。, Il tait moins froid le jour que la nuit.
彼は兄弟と同じぐらい頭がいいです。, Il est aussi intelligent que son frère.
彼は隣の人と同じぐらい働きます。, Il travaille autant que son voisin.
彼は経済危機以前と比べて、所有するお金が減つています。, Il a moins d'argent qu'avant la crise économique.
ア ドリアンは父親と同じようです。彼は父親同様野心家です。, Adrien est comme son père / il est aussi ambitieux que lui.
富士山は日本列島の最高峰です。, Le Mont Fuji est le plus haut sommet de l'archipel.
富士山は日本列島の最高峰です。, Il est le plus intelligent de la famille.
世界最大の都市、それは東京です。, C'est Tokyo qui est la plus grande ville du monde.
ポ ールは疲れていると言つています。, Paul dit qu'il est fatigué.
彼は私に全てが順調かどうか尋ねます。, Il me demande si tout va bien.
彼はあなたが何をしているのか、そして何が起きているのかを尋ねます。, Il demande ce que vous faites et ce qui se passe.
彼は彼女に家を出て行くよう言います。, Il lui dit de quitter la maison.
ジュリアンは彼女に今度の土曜日は何をするのか尋ねます。, Julien lui demande ce qu'elle fait samedi.
彼は私に自分が外国人であることを説明しました。, Il m'a expliqué qu'il était étranger.
天気はよかつた、と彼は言いました。, Il a dit qu'il avait fait beau.
自分は3カ 月後には仕事を辞めるだろうと彼は私に教えてくれました。, Il m'a  informé qu'il quitterait son emploi dans trois mois.
自分が持つている本の数が多過ぎると彼は私に説明しました。, Il m'a expliqué qu'il avait trop de livres.
ソフィーは日本に無事到着したと言いました。, Sophie a dit qu'elle était bien arrivée au Japon.
約束があるので、私は出かけなければなりません, Je dois partir parce que j'ai un rendez-vous.
赤ちゃんはお腹が空いているので、泣いています。, Le bébé pleure parce qu'il a faim.
寒かつたので、私達は家にいました。," ""Comme il faisait froid, nous sommes restés à la maison."""
君が変わらないので、私は君と別れます。," ""Comme tu n'as pas changé, je te quitte."""
サッカーの試合は中止になりました。雪がたくさん降つたからです, Le match de football a été annulé car il neigeait beaucoup.
彼は病気なので、働けないでしょう。," ""Puisqu'il est malade, il ne pourra pas travailler."""
冷蔵庫には何もないので、レストランに行きましよう。," ""Puisqu'il n'y a rien dans le frigidaire, allons au restaurant."""
通りの騒音が原因で、私はよく眠れません。, Je ne dors pas bien à cause du bruit de la rue.
君のアドヴァイスのおかげで私は試験に合格しました。," ""Grâce d tes conseils,  j'ai réussi l'examen."""
君のおかげで人生は素晴らしい!," ""Grâce à toi, la vie est belle !"""
試験に受かつたので、私は幸せです。," ""J'ai réussi mon examen, je suis donc heureux."""
雪がたくさん降つたので、道路は渋滞しています。," ""Il neige beaucoup, par conséquent il y a des embouteillages."""
テレビでやっている映画は面白くないので、映画館に行きましょう。," ""Le film i la télévision n'est pas intéressant, alors allons au cinéma."""
失業が増加し、その結果、消費は低迷しています。, Le chômage augmente si bien que la consommation baisse.
彼はくたくたになるほど働きました。," ""I a travaillé, à tel point qu'il est épuisé."""
私は仕事を探しているので、あちこちに履歴書を送つています。, Je cherche un travail c'est pourquoi j'evoie mon CV partout.
車の販売台数増加に伴つて、環境汚染もひどくなつています。, La vente de voitures augmente de sorte que la pollution augmente aussi.
インフルエンザが流行つているので、ワクチン接種が必要です。, Il y a la grippe et par conséquent il faut se faire vacciner
私が抱えている問題を説明するために、あなたに電話しています, Je vous téléphone afin de vous expliquer mes probldmes.
仕事に間に合うように、私は急いでいます。, Je me dépéche pour être i I'heure au travail.
お金は稼いでいますが、私は働きすぎです。, Je gagne de l'argent mais je travaille trop.
北部が寒いのに対して、コルシカ島は暖かです, Il fait froid dans le Nord par contre il fait doux en Corse.
仕事は好きですが、上司は嫌いです。, J'aime mon travail en revanche je déteste mon chef.
彼が感じがいいのに対して、彼女は感じが悪いです。, Il est sympathique alors qu'elle est antipathique.
彼は泳ぎが上手ですが、それに対して私は…, Il nage bien tandis que moi …
私は1人暮らしですが、孤独は好きではありません," ""Je vis seul, cependant je n'aime pas la solitude."""
たくさん食べたのに、お腹が空いています。, J'ai faim pourtant j'ai beaucoup mangé.
経済危機は去りましたが、また起きる可能性はあります。, La crise économique est passée toutefois elle peut revenir.
それにしても、もう少しよく考えたらいいのに!, Tu pourrais quand même réfléchir un peu !
努力はしているんだけれど、 いつも運転免許試験に失敗してしまいます," ""J'ai beau essayer, je rate toujours mon permis de conduire."""
あなたは日本人ですか?, Vous êtes japonais ?
はい、私は日本人です。," ""Oii, je suis japonais."""
私はフランス人ではなく、ドイツ人です。," ""Je ne suis pas français, je suis allemand."""
あなたはスイス人ですか、それともボルトガル人ですか?, Vous êtes suisse ou portugaise ?
彼はオ...ストリア人で、彼女達もオーストリア人です。," ""Il est autrichien, elles sont aussi autrichiennes."""
あなた方は俳優ですか?, Vous êtes acteurs et actrices ?
はい、私達は俳優です。," ""Oui, nous sommes acteurs et actrices."""
あなたは料理人ですか?, Vous êtes cuisinier ?
はい、そして私の妻も料理人です。," ""Oui, et ma femme est cuisinière aussi."""
「あなたは結婚していますか?」「いいえ、私は独身です」," ""« Vous êtes marié ? » « Non,  je suis célibataire. »"""
私は18才 で、成人しています。従つて私はパスポートを所有しています。," ""J'al 18 ans, je suls majeur donc j'al un passeport."""
私は都心にマンションを一軒、田舎に一戸建ての家を持つています, J'ai un appartement en ville et une maison à la campagne.
お宅の家具は古いものですか、それともモダンなものですか?," ""Chez vous, vous avez un mobilier ancien ou moderne? """
日本の大学生は1月と2月に試験があります。, Les étudiants japonais ont des examens en janvier et février.
彼は目が青く、丸顔で、顎髪をたくわえています。," ""Il a les yeux bleus, le visage rond et une barbe."""
彼女の髪は短くて、カールしています, Elle a les cheveux courts et frisés.
家で何か動物を飼つていますか?, Vous avez des animaux à la maison ?
私は運転免許を持つていません。, Je n'ai pas de permis de conduire.
彼は犬は飼つていませんが、猫を2匹飼つています。, Il n'a pas de chien mais il a deux chats.
彼はついてません。いつも何かしら問題を抱えています。 ," ""Il n'a pas de chance, il a toujours des problèmes."""
あなたは何力国語も話しますか?, Vous parlez plusieurs langues ?
私は8時に夕食をとります、軽い食事です。," ""Je dîne à huit heures, je mange légèrement."""
私達はパリの中心に住んでいます。, Nous habitons dans le centre de Paris.
お昼ごはんはどこで食べますか?, Vous déjeunez où?
私はたくさんのメ...ルを友達に送ります。, J'enroie beaucoup de courriels à mes amis.
私達はクラシック音楽が好きです。, Nous aimons la musique classique.
私はクレジットカードで支払いをします。, Je paye avec une carte de crédit.
私は娘を映画に連れて行きます。, J'emmène ma fllle au cinéma.
彼はカラオケで歌うのが好きです。, Il aime chanter au karaoké.
彼女は洋服を買います。, Elle achète des vêtements.
1人暮らしですか?, Vour vivez seul ?
彼らは市場で果物を売っています, Ils vendent des fruits au marché.
私は大学のレポートを終えます。, Je finis mon devoir d'université.
私はヨガのコースに通つています。, Je suis un cours de yoga.
私は、日本では、お箸を使つて食事をします。," ""Au Japon, je me sers de baguettes pour manger."""
休暇中は旅行に出かけますか?, Vous partez en vacances ?
私は「カフェ0ド ウ・マゴ」で友達を待つています。," ""J'attends mes amis au, café « Les Deux Magots »."""
あ なたは神の存在を信じますか?, Vous croyez en Dieu ?
私はオーソドックスなネクタイを選びます。, Je choisis des cravates classiques.
電気を消して、外出します。, J'eteins la lumière et je sors.
私はパリのリュクサンブール公園を散歩します。, Je me promène dans le jardin du Luxembourg à Paris.
毎朝、妻はお化粧をして、香水をつけます。," ""Le matin, ma femme se maquille et se parfume."""
相撲に興味がありますか?, Vous vous intéressez au sumo?
彼女はいつも黒い服を着ています。 , Elle s'habille toujours en noir.
私はいつも夜と朝にシャワーを浴びます。, Je me douche le soir et le matin.
私達は知り合いではありません。, Nous ne nous connaisons pas.
その先生はいらだつことがあります, Le professeur s'énerve parfois.
日曜日はいつも寝坊します。," ""Le dimanche, je me lève tard."""
 彼 ら は 愛 し 合 つ て い て 、よ く 電 話 で 話 し ま す 。," ""Il s'aiment, se téléphonent souvent."""
彼らは道で抱き合います。, Ils s'embrassent dans la rue.
健康のために水を飲みなさい。," ""Pour votre santé, buvez de l'eau."""
お酒は飲まず、タバコは吸わないように。, Nu buvez pas et ne fumez pas !
切符を買つて、急いで。電車が出ちゃいますよ。," ""Prends ton billet, dépêche-toi, le train part !"""
私に辞書を貸して。自分の辞書は持つていないから。," ""Prête-moi ton dictionnaire,je n'ai pas le mien."""
彼女に電話するの、しないの、どつちか決めなさい。," ""Téléphone-lui ou ne lui téléphone pas, mais décide-toi !"""
 将 来 の こ と は 安 心 しな さ い 。, Aie confiance dans I'avenir.
お菓子を食べないの?取つてください、十分残つていますから。," ""Tu ne manges pas de gâteaux ? Prends-en, il en reste assez."""
宿題は難しいです。今夜、家でよく考えなさい。," ""Les devoirs sont difficiles, penses-y chez toi ce soir."""
「私にはこの本が必要です」「それじやあ、図書館でその本を借りなさい」," ""《J'ai besoin de ce livre,》 《Alors emprunte‐le à la bibliothèque.》"""
車で出かける時は気をつけなさい。," ""Soyez, prudent en prenant la route !"""
私は今夜宿題をします。, Je. fais mes devoirs ce soir.
週末は掃除、洗濯、買い物をします。," ""Le week-end, je fais le ménage, la lessive et les courses."""
食後、私はいつも食器を洗います。," ""Après le repas, je fais toujours la vaisselle."""
私はサツカーと水泳と柔道をしています。," ""Je fais du football, de la natation et du judo."""
家では日曜大工をします。," ""A Ia maison, je fais du bricolage."""
私 は ビ ア ノ 、ギ タ ー 、時 に は サ ッ ク ス を 演 奏 し ま す 。," ""Je fais du piano, de la guitare et parfois je joue du saxophone."""
休暇中はサッカーやテニスをします。, Je joue au football et au tennis pendant les vacances.
フランスではパリや南部でペタンクをします。," ""En France, on joue à la pétanque à Paris et dans le Sud."""
ビジネスマン達はゴルフをします。, Les hommes d'affaires jouent au golf.
私はラグビーが好きですが、プレーはしません。, J aime le rugby mais je n y Joue pas.
「大学へ行くの?」「いいえ、大学からの帰りです」," ""« Tu vas à l'université ? » « Non, j'en viens. »"""
映画に行くのですか?, Vouz allez au cinéma ?
今夜、私達はレストランに行きます。私が君を迎えに行きます。," ""Ce soir nous allons au restaurant, je viens te chercher."""
私 は カ ミ ュ に 関 す る 講 演 会 に 行 き ま す 。君 も 一 緒 に 行 き ま せ ん か ?," ""Je vais à la conférence sur Camus, tu viens avec moi ?"""
カフェには彼らも来るの?, Viennent-ils au café aussi ?
私達と一緒に行きませんか?, Venez-vous avec nous?
彼はフランス出身ですが、もう長いこと、日本に住んでいます。, Il vient de France mais il habite depuis longtemps au Japon.
「どこに行くの?」「家に帰ります」, « Tu va où? » « Je rentre chez moi. » 
彼はよく、このカフェに来ますか?, Vient-il souvent dans ce café?
 彼は時々教会に行きますか?, Va-t-il parfois à l'église?
私はセリーヌ0デイオンを知っています。, Je connais Céline Dion.
私は、それはケベック出身の女性シンガーだということを知つています。, Je sais que c'est une chanteuse québécoise.
私はフランス語ができます。読めますが、上手に話すことはできません," ""Je connais le français, je sais lire mais je ne sais pas bien le parler."""
家族の写真を見ています。, Je regarde la photo de ma famille.
何も見えません、霧が出ています。," ""Je ne vois rien, iI y a du brouillard."""
電車から真つ自な富士山が見えます。," ""Du train, on voit le Mont Fuji tout blanc."""
私はこの素晴らしい景色を眺めます。, Je regarde ce beau spectacle.
ショバンのソナタを聴いています。素晴らしいです!," ""J'ecoute une sonate de Chopin, c'est magniflque !"""
近所の家から音楽が聞こえます。, J'entends de la musique chez les voisins.
耳を澄まして、変な音が聞こえない?," ""Ecoute, tu entends ce bruit bizarre ?"""
フランスでは、オルセー美術館を見学したいです。," ""En France, je veux visiter le musée d'Orsay."""
コーヒーをもう少しいかがですか？, Tu veux encore du café ?
寒いので、窓を開めてくださいませんか?, Il fait froid. Voulez-vous fermer la fenêtre ?
私はパリからリヨンまで丁GVで旅行したいです。, Je veux voyager de Paris à Lyon en TGV.
今 夜 、暇 で す か 、私 と 一 緒 に 出 か け ま せ ん か ?," ""Tu es libre ce soir, tu peux sortir avec moi ?"""
ミュ...ルーズの地図を私にくださいませんか?, Pouvez-vous me donner un plan de Mulhouse s'il vous plaît?
私はこれらの練習問題をすることはできますが、やりたくありません。, Je peux faire ces exercices mais je ne veux pas.
ここでタバコを吸つてもいいですか?, Est-ce que je peux fumer ici?
質問してもよろしいでしょうか?, Puis-je vous poser une question?
欲すれば、かなう。," ""Si on veut, on peut."""
私を展覧会に連れて行つてくれますか?, Tu m'accompagnes à l'exposition ?
何をしなければならないの?, Qu'est-ce que tu as à faire ?
雑誌に載せる記事を書かなければならないのです。, Je dois écrire un article pour une revue.
私はどうしてもタバコをやめなければなりません。, Je dois absolument arrêter de fumer.
終えなければならない書類があります。それを終えたら家に帰ります," ""J'ai ce dossier à finir, ensuite je rentre à la maison."""
結 婚のお祝いを買うのを忘れないようにしなければなりません, Je dois penser à acheter un cadeau de mariage.
年頭にあたつて、一年の抱負を立てなければなりません," ""En début d'année, on doit prendre de bonnes résolutions."""
良い教師とは明確な説明をするものです。, Un bon professeur doit expliquer clairement.
お医者さんに行かなければなりません。熱があります。," ""Je dois aller chez le médecin, j'ai de la fièvre."""
君は私を助ける必要はありません。これは私の仕事です。," ""Tu n'as pas à m'aider, c'est mon travail."""
テレビを見るのはやめなさい!, Arrête de regarder la télévision!
私は夕食を終えたところです、仕事を始めます。, Je finis de dîner et je commence à travailler.
私 は旅行することを夢見ていますが、飛行機に乗るのをためらつています。, Je rêve de voyager mais j'hésite à prendre I'avion.
私はもつとお金を稼ごうと努めています。, Je cherche à gagner plus d'argent.
私は学業を再開しようと決めました。, Je décide de recommencer mes études.
遅刻するのではないかとおそれています。, Je crains d'être en retard.
待ち合わせ場所が見つかりません。, Je n'arrive pas à trouver le lieu du rendez-vous.
彼女は車の運転を習つていますが、集中するのに苦労しています。, Elle apprend à conduire mais elle a du mal à se concentrer.
私はフランス語を習得するつもりです。, Je me propose d'apprendre le français.
私は情熱を持つて、勉強を始めます。, Je commence à étudier avec passion.
彼はテレビを見ながら晩ご飯を食べます。, Il dîne en regardant la télévision
のぞみは歌いながらシャワーを浴びています。, Nozomii se douche en chantant.
彼は音楽を聴きながらも仕事をしています。, Il trarraille tout en écoutant de la musique.
彼女はアイスクリームを食べながら歩いています。, Elle marche en mangeant une glace.
練習問題をすることで語学は進歩します。, On progresse en langue en faisant des exercices.
彼は電気を消し、ドアを開めて出かけます。, Il sort en éteignant la lumière et en fermant la porte.
私はスキーをしている時に足を骨折しました。, Je me suis cassé la jambe en skiant.
お菓子を食べていて、ネクタイにしみをつけました。," ""En mangeant du gâteau, j'ai taché, ma cravate."""
走つていて、鍵をなくしました。," ""En courant, j'ai perdu mes clefs."""
彼は玄関を開めるのを忘れて外出します。, Il sort en oubliant de fermer la porte.
今夜、私はマリーと一緒に出かけて、映画を見ます。," ""Ce soir, je vais sortir avec Marie au cinéma."""
来週、フランス旅行に出かけます。, Je vais voyager en France Ia semaine prochaine.
私達は真面目に勉強するつもりです。, Nous allons étudier sérieusement.
彼らはこれからレストランに行きます。, Ils vont aller au restaurant.
「君はこれからパリのホテルを探すつもりですか?」 「一軒見つけたところです」, « Tu vas chercher un hôtel à Paris ? » « Je viens d'en trouver un. »
「これから晩ご飯?」「いいえ、食べ終わつたところです」," ""« Tu vas dîner ? » « Non, je viens de flnir. »"""
「宿題をしているの?」「いいえ、ちょうど終わつたところです」," ""« Tu fais tes devoirs ? » « Non, je viens juste de les finir. ,»"""
新聞を買いに出かけるところです。, Je vais sortir acheter le journal.
私 はイタリアから帰つたところです。, Je viens de rentrer d'Italie.
「マチス展に行くところですか?」 「いいえ、それを見てきたところです」," ""« Tu vas aller à l'exposition Matisse ? » « Non, je viens de la voir. »"""
以 前 、私 は 大 阪 に 住 ん で い ま し た が 、東 京 に 引 つ 越 し ま し た 。, Avant j'habitais Osaka mais j'ai déménagé à Tokyo.
若 い頃、ビアノを弾いていました," ""Quand j'étais jeune, je jouais du piano."""
私は10年ビアノを弾いています。, J'ai fait dix ans de piano.
私達が結婚した時、天気がよくて暑かつたです。, II faisait beau et chaud lorsque nous nous sommes mariés.
雨が降つていたので傘を差しました。, J'ai pris le parapluie parce qu'il pleuvait.
電話が鳴つた時、私はシャワーを浴びていました。, J'étais sous la douche quand le téléphone a sonné.
昨夜、私は20時に映画に行きました。," ""Hier soir, je suis allé au cinéma à 20 heures."""
寒 かつたので窓を開めました。, J'ai fermé la fenêtre parce qu'il faisait froid.
眠つていると、突然、叫び声が聞こえました。, Je dormais quand soudain j'ai entendu un cri.
3人の男が銀行を襲撃したのは、10時頃のことでした。, Il était environ dix heures quand trois hommes ont attaqué la banque.
夫が帰宅した時、彼女はすでに晩ご飯を済ませていました。," ""Quand son mari est rentré, elle avait déjà dînê."""
私が起きた時、妻は朝食を用意してくれていました。," ""Quand je me suis levé, ma femme avait préparé le petit déjeuner."""
よしえがフランスに行つた時、彼女はすでにフランス語を勉強していました。," ""Quand Yoshie est allée en France, elle avait déjà étudié le français."""
フランス語の授業が始まつた時、私はすでに教科書を買つていました。 ," ""Quand le cours de français a commencé, j'avais déjà acheté Ie manuel."""
彼女はなくした携帯電話を見つけました, Elle a retrouvé le portable qu'elle avait perdu.
私達が到着した時、彼女達は課題を終えていました。, Elles avaient fini leur devoir lorsque nous sommes arrivés.
私は君と―緒に住んだ村に戻つてきました。, Je suis retourné dans le village où j'avais habité avec toi.
仕事を始めた時、私はまだ学業を終えていませんでした。, Je n'avais pas terminé mes études lorsque j'ai commencé mon travail.
私 達 が 夏 に 出 会 つ た 夫 婦 に 、私 は 再 会 し ま し た 。," ""J'ai revu le couple que nous avions rencontré, L'été."""
私 は 買 つ た 家 を 、売 り ま し た 。, J'ai revendu la maison que j'avals acnetée.
彼女は起きて、顔を洗い、出かける準備をしました。," ""Elle s'est levée, a fait sa toilette et s'est préparée."""
アンヌは階段で転びました。足を骨折したのです。, Anne est tombée dans I'escalier. Elle s'est cassé la jambe. Elle est allée d I'hôpital.
日 曜 日 、私 達 は 森 を 散 歩 し ま し た 。," ""Dimanche, nous nous sommes promenés dans la forêt."""
私達が採つたキノコは有毒だつたので、捨てました。, Les champignons que nous avons ramassés étaient vénéneux et nous les avons jetés.
私 は 隣 人 を 招 待 し ま し た 。彼 ら を 招 待 し た の は 昨 日 で す 。, J'ai invité les voisins. Je les ai invités hier.
私がしていたネクタイはカラフルです。, La cravate que j'ai mise est colorée.
彼女達は偶然再会しました。, Elles se sont revues par hasard.
彼女達は電話をかけ合つて、話をしました。, Elles se sont téléphone et elles se sont parlé.
私が買つた絵葉書を見てください。, Regarde les cartes postales que j'ai achetées.
彼女は怪我をしました。親指を切りました。, Elle s'est coupée. Elle s'est coupé le pouce.
カセットのA面 を録音 し終えたら、次 はB面 です。," ""Quand tu auras enregistré la face A de la cassette, tu enregistreras la face B."""
よく考えてから電話をください。, Téléphonez-moi quand vous aurez réfléchi.
仕事を終えたら、私のオフィスに来てください。, Vous viendrez dans mon bureau quand vous aurez fini votre travail.
クリーンエネルギーの新しい資源が見つかれば、 環境汚染は減少するでしょう。," ""Quand on aura trouvé de nouvelles sources d'énergie propre,la pollution dimuera."""
学業を終えてからでなければ、結婚するつもりはありません。, Je ne me marierai que quand j'aurai terminé mes études.
もつとお金を稼いだら、家を買うことができるでしよう。," ""Quand vous aurez gagné plus d'argent, vous pourrez acheter une maison."""
データを保存したら、コンピューターのスイッチを切つてもいいです。," ""Dès que vous aurez sauvé les données, vous pourrez éteindre l'ordinateur."""
私が引越しを終えたら、私に会いに来てください。, Tu viendras me voir quand j'aurai déménagé.
先生、薬がなくなつたら、また来ます。," ""Docteur, je reviendrai vous voir quand j'aurai pris tous mes médicaments."""
研修を終えたら、試験を受けます。, Je passerai I'examen quand j'aurai flni Ie stage.
ぺニシリンはフレミングによつて発明されました。, La pénicilline a été inventée par Fleming.
「モナリザの微笑み」はレオナルド・ダ・ヴィンチによつて描かれました, La Joconde a été peinte par Léonard De Vinci.
新学期には教室は塗り替えられました," ""Pour la rentrée, les salles de classe ont été repeintes."""
ソルボンヌ大学は1253年に創設されました。, La Sorbonne a été fondée en 1253.
フランス植民地における奴隷制度は、1848年に廃止されました。, L'esclavage dans les colonies françaises a été aboli en 1848.
ベルリンの壁は1989年に壊されました。, Le mur de Berlin a été détruit ell 1 989.
会 合 は 執 行 部 に よ つて キ ャン セ ル さ れ ま した 。," ""La réunion a été, annulée par la direction."""
台風の通過により、家々は浸水しました。, Des maisons ont été inondées après le passage du typhon.
1人 の男が地下鉄内で襲われました。, Un homme a été agressé dans le métro.
 1人の泥棒が警察によつて逮捕されました。, Un voleur a été arrêté par la police.
フランスに行く前にフランス語を 話せるようになつていなければなりません。, Il faut que vous parliez français avant d'aller en France.
フランス語を習得するにはフランス映画を観る必要があります。," ""Pour apprendre le français, il faut que vous regardiez des films français."""
"ar** 2 I I fr: l,teHi*t ltret)*E lv "",Il est nécessaire que je mette une cravate.",
薬を飲んだほうがいいでしょう。, Il vaudrait mieux que je prenne des médicaments.
彼には試験に受かつてほしいです。, J'aimerais qu'il réussisse l'examen.
私は、彼が勉強しないのではないかと恐れています。, Je crains qu'il n'étudie pas.
私は彼が成功するとは思いません。, Je ne pense pas qu'il réussisse.
私は自分のマンションがもつと広ければいいのにと思つているのですが。, Je voudrais que mon appartement soit plus spacieux.
あなたが支払いができるように、私はあなたにお金を貸します。, Je vous prête de l'argent afin que vous‐ puissiez payer.
彼が行つてしまつたのは残念です。 , Je regrette qu'il soit parti.
すみません、教えて頂きたいことがあるのですが。," ""Excusez-moi, madame, je souhaiterais un renseignement."""
歯医者さんに行かなければならないでしょう。, Tu devrais aller chez le dentiste.
私は喉が渇いています。できたらビールを1本飲みたいなあ。, J'ai soif / je boirais bien une bière.
こ の ズ ボ ン を 試 着 して も い い で す か ?," ""Est-ce que je pourrais essayer ce pantalon, s'il vous plaît ?"""
今、休暇中だつたらいいのに。, J'aimerais être en vacances maintenant.
 フランス大統領は近々、アメリカ大統領と会見することになるでしょう。, Le président français devrait rencontrer prochainement son homologue américain.
君なしでは、私は生きていけないでしょう。," ""Sans toi, je ne pourrais pas vivre."""
私はビアニストになりたかつたのですが、才能がありませんでした, J'aurais aimé être pianiste mais je n'étais pas doué.
私はもつと勉強しておくべきでした、それを後悔しています。," ""J'aurais dû étudier davantage, je le regrette."""
私はあなたがワインが好きなのを忘れていました、そうでなければ1本 つて たのに。 ," ""J'ai oublié que vous aimiez le vin, sinon,  je vous aurais apporté une bouteille."""
"
パリに戻つたら、原始美術館を見学するつもりです。"," ""Si je reviens à Paris, je visiterai le musée des arts premiers."""
フランスに戻つて暮らすことになつたら、 ■日舎に住むことになるでしょう。," ""Si je rentre habiter en France, j'irai m'installer à la campagne."""
コートを着ないで外出したら、風邪を引くでしょう。," ""Si tu sors sans manteau, tu prendras froid."""
もし田舎に住んでいたら、犬を飼つていただろうに。," ""Si j'habitais à la campagne, j'aurais un chien."""
努力をすれば、進歩するだろう。," ""Si tu faisais des efforts, tu ferais des progrès."""
もし私が市長なら、町の中心部への車の乗り入れを禁止するだろう。," ""Si j'étais maire, j'interdirais les voitures au centre ville."""
若かつたら、違う生き方をしていただろう。," ""Si j'étais jeune, je vivrais différemment."""
今夜、レストランに行くのはどうですか?, Si on allait au restaurant ce soir ?
先週の土曜日、天気がよかつたら、公園に行つたのに。," ""S'il avait fait beau samedi dernier, je serais alleé au parc."""
遅れなければ、電車に間に合つたのに。," ""Si je n'avais pas été en retard, j'aurais pu prendre le train."""
1時 間探して、私達はやつと駐車できました。," ""Après avoir cherché une heure, nous avons finalement garé notre voiture."""
寒い中、2時間も並んで、私達はセザンヌ展を見ることができました。, Nous avons pu voir I'exposition Cézanne après avoir fait la queue deux heures dans le froid.
"
お医者さんに診てもらつてから、薬を買いに薬局に行きました。"," ""Après m'être rendu chez le médecin, je suis allé à la pharmacie chercher les médicaments."""
晩ご飯を食べたあと、食器を洗いました。," ""Aprds avoir dêné´, j'ai fait la vaisselle."""
テレビを見てから、お風呂に入りました。," ""Après avoir regaré la télévision , j'ai pris un bain."""
買い物をしてから、夕食の支度をしました。," ""Après avoir fait les courses, j'ai préparé le diner."""
スポ...ツをしたあと、シャワーを浴びました。, Je me suis douché après avoir fait du sport.
シャワーを浴びてから、寝ました。," ""Après m'être douché, je me suis couché."""
賃 上 げ を 勝 ち 取 つ て 、彼 ら は ス トを 中 止 し ま し た 。," ""Après avoir obtenu une augmentation de salaire, ils ont arrêté la grève."""
彼は3回 失敗して、やつと運転免許試験に合格しました。, Il a finalement réussi le permis de condiure après l'avoir raté trois fois!
夏、日本ではエアコンがないと、サラリーマンは暑くてたまりませ, En été les employés au Japon ont chaud sans air conditionné.
戦争中、民間人は恐怖や空腹をしばしば体験します。," ""Pendant les guerres, les civils ont souvent peur, faim."""
午前3時です、眠くないですか?," ""Il est 3 heures du matin, vous n'avez pas sommeil?"""
彼は運動療法士のところに行きます、背中が痛いからです。, Il va chez le kinésithérapeute parce qu'il a mal au dos.
私はとても頭が痛いです。, J'ai très mal à la tête.
私は足が痛いです、休憩しなければなりません。," ""J'ai mal aux pieds, j'ai besoin de me reposer."""
絵を描くには、絵筆と絵の具とカンバスが必要です。," ""Pour peindre, j'ai besoin de pinceaux, de couleurs et de tableaux."""
買い物には大きな袋が必要です。," ""Pour faire mes courses, j'ai besoin d'un grand sac."""
私が飼つている犬は雷を怖がります。, Mon chien a peur du tonnerre.
私は1本ビールが欲しい。, J'ui envie d'une bière.
私のバッグの中には、本と辞書が入つています。," ""Dans mon sac, il y a mon livre et mon dictionnaire."""
フォルネー図書館では展覧会が開催されています。," ""A la bibliothèque Forney, il y a une exposition."""
それはグラフイツクデザイナー「サヴィニャック」展です。, C'est une exposition de l'affichiste Savignac.
私のお財布には写真が1枚入つています。," ""Dans mon portefeuille, il y a une photo."""
それは別荘の写真です。, C'est Ia photo de ma maison de campagne.
パリを川が流れています。セーヌ川です。," ""A Paris, il y a un fleuve / c'est la Seine."""
セーヌ川には観光客向けの船があります。," ""Sur la Seine, il y a les bateaux pour touristes."""
それはバトー・ムーシュです。, Ce sont les bateaux-mouches.
見て、雪をいただいた富士山です!," ""Regarde, c'est le Mont Fuji enneigee !"""
東京都心に広大なスペースがあります。皇居です。," ""Au centre de Tokyo, il y a un grand espace vide / c'est le palais impérial."""
扇子です。私の日本旅行の記念です。," ""C'est un éventail, souvenir de mon voyage au Japon."""
私の新しいフランス語の電子辞書です。, C'est mon nouveau dictionnaire électronique de français.
マチスのデッサンです。, Ce sont des dessins de Matisse.
私の柔道の先生です。, C'est mon professeur de judo.
私の従兄弟達です。, Ce sont mes cousins.
あの人はうちの隣に住んでいる人です、気さくで面白い人です。," ""C'est mon voisin, iI est sympathique et drôle."""
ジ ュリアンはいい先生です、彼の授業は人気があります。," ""Julien est un bon professeur, il est apprécié dans ses cours."""
ボ キュ...ズ?彼 は料理人です、偉大なシェフです。," ""Bocuse ? Il est cuisinier, c'est un Grand Chef."""
セリーヌ0デ イオン?ケ ベック出身の女性シンガーで、世界的に有名です。," ""Céline Dion ? C'est une chanteuse québécoise, elle est mondialement connue."""
「これはどのワインですか？」「サンテミリオンです」, « C'est quel vin ? » « C'est un saint-émilion. »
景色、見た? とてもきれいです。, Tu as vu le paysage ? C'est très beau.
これは稀なことです、天気がこの季節にしてはとても穏やかです。," ""C'est exceptionnel, le temps est très doux pour la saison."""
女の人というのはとても複雑です!," ""Les femmes, c'est très compliqué !"""
休暇中の交通渋滞はストレスがたまります。," ""L.es embouteillages sur la route des vacances, c'est stressant l"""
海 は 美 し く 、癒 さ れ ま す 。," ""La mer, c'est beau, c'est reposant !"""
松本城は印象的です," ""Le château de Matsumoto, c'est impressionnant !"""
果物と野菜は健康にいい食べ物です。," ""Les fruits et légumes, c'est bon pour la sante."""
アイスクリ...ムはおいしいです。," ""Les glaces, c'est bon !"""
お金は必要です," ""L'argent, c'est nécessaire!"""
結婚とは牢獄です," ""Le mariage, c'est une prison!"""
部長は彼で、私は彼のアシスタントです。, C'est lui qui est le directeur et moi qui suis son assistant.
あなたが会いたいと思つているのは私ですか, C'est moi que vous désirez voir ?
私が嫌いなのはタバコです。," ""Ce que je déteste, c'est le tabac."""
私が一番望んでいるのは恋に落ちることです。," ""Ce que j'espère le plus, c'est de tomber amoureux."""
私をもつとも魅了するのは芸術家です。," ""Ce qui me fascine le plus, ce sont les artistes."""
私がいちばん夢見ているのは旅行することです。," ""Ce dont je rêve le plus, c'est de voyager."""
私 が 好 き で は な く て 、ば か に し て い る の は 、フ ァ ッ シ ョ ン で す 。," ""Ce que je n'aime pas et dont je me moque, c'est la mode."""
私が君を駅に迎えに行きます。, C'est moi qui viens te chercher à la gare.
そ の映画で面白いのはせりふです。, Ce sont les dialogues qui sont intéressants dans le fllm.
うちで決定権を持つているのは母です。, C'est ma mère qui décide dans la famille.
ひと月は30日 です。," ""Dans un mois, il y a trente jours."""
―週間は7日 です。," ""Dans une semaine, il y a sept jours."""
1時間は60分です。," ""Dans une heure, il y a soixante minutes."""
1年は365日です。," ""Oans une année, il y a trois cent soixante-cinq jours."""
80× 2=160, Quatre-vingts multiplié par deux est égal à cent soixante.
80÷ 2=40, Quatre-vingts divisé par deux est égal à quarante.
80-40=40, Quatre-vingts moins quarante est égal à quarante.
エッフェル塔は高さ300メートルです。, La tour Eiffel mesure trois cents mètres de haut.
『海底2万里』はジュール・ヴェルヌの有名な小説です。, « Vingt mille lieues sous les mers » est un célèbre roman de Jules Verne.
ル・モンドは1ユ ーロ40セ ントです。," ""Le journal « Le Monde », coûte 1,40 euro."""
朝ご飯はバタ...をつけてバンを食べます。," ""A, petit déjeuner, je mange du pain avec du beurre."""
昼食のために、私は肉を買います," ""Pour le déjeuner, j'achète de la viande."""
うちの近くには公園があつて、そこには人の姿があり、 物音や音楽が聞こえます。," ""Près de chez moi, il y a un parc avec des gens, du bruit, de la musique."""
今日は日が出ていますが、時折、雲も出ます。, Aujourd'hui il y a du soleil mais iI y a aussi parfois des nuages.
彼は上品です、洋服の趣味がいいのです。, Il est élégant il a du goût pour les vêtements.
彼はダイナミツクです、エネルギーが有り余つています。," ""Il est dynamique, il a de l'énergie à revendre."""
コーヒ...に私は角砂糖を1つ入れます。, Dans mon café je mets un morceau de sucre.
彼は野菜をたくさん食べ、ワインを少し飲みます。," ""Il mange beaucoup de légumes, boit un peu de vin."""
健康のために、彼はアルコールを飲んだことがありません。," ""Pour sa santé, il ne boit jamais d'alcool."""
ス...パーで、彼はりんどを1キ ロ買います。," ""Au supermarché, il achète un kilo de pommes."""
何時ですか?, Quelle heure est-il ?
3時半です。, Il est trois heures et demie.
": +mr, fit)*{b\?,Vous avez l'heure ?",
はい、12時15分前です。," ""Oui, il est midi moins le quart."""
彼の仕事は22時に終わるんだね、遅いね。," ""Son travail flnit à vingt-deux heures, c'est tard."""
私は朝早く、6時 に勉強を始めます。," ""Je commence à étudier tôt, à six heures."""
"zet: u*17,+soar-r"",Le rendez-vous est à dix-sept heures trente.",
時 間を守ることは、とても大事なことです。," ""Être à I'heure, c'est très important."""
パリと東京の間は8時間の時差があります。, Il y a huit heures de décalage horaire entre Paris et Tokyo.
休暇中は時間をいつさい気にしません。," ""En vacances, je ne regarde jamais l'heure !"""
今日は2010年1月7日です。," ""Auiourd'hui, nous sommes le 7 janvier 2010."""
ナポレオンは18世紀、1769年8月 15日に生まれました。," ""Napoléon est né le 15 août 1769, au XVIII"""" siècle."""
シモ...ヌ0ド 0ボ ーヴォワールは20世 紀の女性作家です。," ""Simone de Beauvoir est une écrivain du XX"""" siècle."""
来年の夏は8月 に出発する予定です。," ""L'été prochain, je pars en août."""
夜中は眠り、昼間は働き、夜は出かけます。," ""Je dors la nuit, je travailte le jour, je sors le soir."""
春には自然が花開きます。," ""Au printemps, la nature est en fleur."""
月 は一年最後の海水浴です。, Nous prenons le dernier bain de mer en septembre.
何月生まれですか?, Quet mois êtes-vous né ?
今日は1日ですか、2日ですか?, Nous sommes le premier ou le deux ?
私は月末に給料を受け取ります。, Je reçois mon salaire à la fin du mois.
明日の天気はどうですか?, Quel temps va-t-il faire demain ?
晴れるでしよう。, Il va faire beau.
今 日 の 午 後 は 雨 が 降 り出 す で しょう 。," ""Cet après-midi, il va pleuvoir."""
フランスでは、冬は雲が出て、寒いです。," ""En France, en hiver, il y a des nuages et il fait froid."""
日本では、夏は暑く、湿度が高いです。," ""Au Japon, en été, il fait chaud et humide."""
日本では9月 によく台風が来ます。," ""En septembre au Japon, il y a souvent des typhons."""
天 気 は悪 くなり、最高 気温 は7度 で しよう。, II va faire mauvais avec des températures maximales de sept degrés.
春は暖かく、気温は20度 まで上がります。," ""Au printemps, il fait doux, la température monte à vingt degrés."""
10月 には涼しくなり始めます。," ""En octobre, il commence à faire frais."""
フランス全土で太陽が輝き、空は真つ青です。," ""Le soleil brille, le ciel est tout bleu sur toute la France."""